{
    "admin": {
        "u1d263d768adbdd3b9f4c51833c7c4d29": true,
        "u85ee80cfb293599510d0c17ab25a5c98": true
    },
    "autoAdd": true,
    "autoJoin": true,
    "autoLeave": false,
    "autoRead": true,
    "blacklist": {
        "ua4b58590add65f7d8115089442a909f2": true,
        "ua8fe07daf59c683486005b2352975f53": true
    },
    "bot": {
        "u8b648133c352185456f6674476bf4ee2": true,
        "uaa7c16149709972378515763bf4206db": true,
        "ub7babc6a8fd9943f96342c84abe09670": true
    },
    "checkSticker": false,
    "contact": false,
    "detectMention": false,
    "gm": {
        "c02fb6eba0220cef6c6f82d8e15c458b6": "u8efc93824990b63d86eebb930ab97360"
    },
    "inviteprotect": true,
    "keyCommand": "",
    "lang": "JP",
    "protect": true,
    "qrprotect": true,
    "react": {
        "作者": "MAFU...",
    },
    "reread": true,
    "sr": {

    },
    "timeline": true
}